Name,Price,Currency
Диван Нумо Velvet Pink,38990,RUB
Банкетка Вайли Velvet Light,10990,RUB
Кресло Кенсол Velvet Ginger,19990,RUB
Диван Риен Velvet Stone,58990,RUB
Кресло Кото Cozy Beige,32990,RUB
Диван Нумо Мини Textile Yellow,26990,RUB
Диван угловой Онте Bucle Silver,109990,RUB
Кресло Витио Velvet Yellow,22990,RUB
Кресло Пайпел-2 Bucle Forest,40990,RUB
Диван Види Textile Navy Blue,25990,RUB
Кресло Ансил Bucle Milk,31990,RUB
Диван угловой Аронт Мини Velvet Olive,59990,RUB
Пуф Кропс Bucle Lilac,8990,RUB
Диван Маре Мини Velvet Beige,29990,RUB
Пуф Кофи Velvet Light,4590,RUB
Кресло Тилар Textile Yellow,23990,RUB
Диван Лави Velvet Moss,44990,RUB
Диван Викс Textile Silver,24990,RUB
Кресло Лонди Cozy Ivory,43990,RUB
Диван Лилле Velvet Atlantic,46990,RUB
Пуф Дзен-1 Velvet Beige,9990,RUB
Диван Саннес Velvet Terra,44990,RUB
Диван Роттердам Velvet Silver,27990,RUB
Диван Сваут Velvet Beige,66990,RUB
Кресло Пайл Textile Grafit,26990,RUB
Диван угловой Стаус Velvet Olive,42990,RUB
Кресло Кальдера Barhat Mint,34990,RUB
Диван Терм Velvet Beige,69990,RUB
Кресло-кровать Кейсес Velvet Grey,22990,RUB
Кушетка Ринт Bucle Pink,21990,RUB
Диван Тайлин Velvet Yellow,39990,RUB
Кресло Элвит Cozy Ivory,29990,RUB
Диван Слипсон Velvet Silver,59990,RUB
Диван угловой Аллаум Linia Mint,54990,RUB
Кресло Винси Textile Ginger,21990,RUB
Диван Рон Textile Grafit,59990,RUB
Модульный диван Этен 1 Vertical Milk,115950,RUB
Диван Спейс Soft Navy Blue,66990,RUB
Пуф Акера-2 Velvet Yellow,11990,RUB
Диван Эби Мини Linia Mint,58990,RUB
Диван Льери Barhat Blue,84990,RUB
Диван угловой Маркфул Velvet Light,79990,RUB
Диван Льери Мини Velvet Light,64990,RUB
Диван Эби Velvet Blue,66990,RUB
Диван Спейс-2 Velvet Beige,94990,RUB
Модульный диван Риббл-1 Bucle Lilac,78980,RUB
Кресло Кальдера Bucle Cloud,36990,RUB
Кресло Тилар Cozy Milk,23990,RUB
Диван Нумо Velvet Pink,38990,RUB
Банкетка Вайли Velvet Light,10990,RUB
Кресло Кенсол Velvet Ginger,19990,RUB
Диван Риен Velvet Stone,58990,RUB
Кресло Кото Cozy Beige,32990,RUB
Диван Нумо Мини Textile Yellow,26990,RUB
Диван угловой Онте Bucle Silver,109990,RUB
Кресло Витио Velvet Yellow,22990,RUB
Кресло Пайпел-2 Bucle Forest,40990,RUB
Диван Види Textile Navy Blue,25990,RUB
Кресло Ансил Bucle Milk,31990,RUB
Диван угловой Аронт Мини Velvet Olive,59990,RUB
Пуф Кропс Bucle Lilac,8990,RUB
Диван Маре Мини Velvet Beige,29990,RUB
Пуф Кофи Velvet Light,4590,RUB
Кресло Тилар Textile Yellow,23990,RUB
Диван Лави Velvet Moss,44990,RUB
Диван Викс Textile Silver,24990,RUB
Кресло Лонди Cozy Ivory,43990,RUB
Диван Лилле Velvet Atlantic,46990,RUB
Пуф Дзен-1 Velvet Beige,9990,RUB
Диван Саннес Velvet Terra,44990,RUB
Диван Роттердам Velvet Silver,27990,RUB
Диван Сваут Velvet Beige,66990,RUB
Кресло Пайл Textile Grafit,26990,RUB
Диван угловой Стаус Velvet Olive,42990,RUB
Кресло Кальдера Barhat Mint,34990,RUB
Диван Терм Velvet Beige,69990,RUB
Кресло-кровать Кейсес Velvet Grey,22990,RUB
Кушетка Ринт Bucle Pink,21990,RUB
Диван Тайлин Velvet Yellow,39990,RUB
Кресло Элвит Cozy Ivory,29990,RUB
Диван Слипсон Velvet Silver,59990,RUB
Диван угловой Аллаум Linia Mint,54990,RUB
Кресло Винси Textile Ginger,21990,RUB
Диван Рон Textile Grafit,59990,RUB
Модульный диван Этен 1 Vertical Milk,115950,RUB
Диван Спейс Soft Navy Blue,66990,RUB
Пуф Акера-2 Velvet Yellow,11990,RUB
Диван Эби Мини Linia Mint,58990,RUB
Диван Льери Barhat Blue,84990,RUB
Диван угловой Маркфул Velvet Light,79990,RUB
Диван Сваут Velvet Moss,66990,RUB
Диван Льери Мини Velvet Light,64990,RUB
Диван Эби Velvet Blue,66990,RUB
Диван Спейс-2 Velvet Beige,94990,RUB
Модульный диван Риббл-1 Bucle Lilac,78980,RUB
Кресло Кальдера Bucle Cloud,36990,RUB
Диван Нумо Velvet Pink,38990,RUB
Банкетка Вайли Velvet Light,10990,RUB
Кресло Кенсол Velvet Ginger,19990,RUB
Диван Риен Velvet Stone,58990,RUB
Кресло Кото Cozy Beige,32990,RUB
Диван Нумо Мини Textile Yellow,26990,RUB
Диван угловой Онте Bucle Silver,109990,RUB
Кресло Витио Velvet Yellow,22990,RUB
Кресло Пайпел-2 Bucle Forest,40990,RUB
Диван Види Textile Navy Blue,25990,RUB
Кресло Ансил Bucle Milk,31990,RUB
Диван угловой Аронт Мини Velvet Olive,59990,RUB
Пуф Кропс Bucle Lilac,8990,RUB
Диван Маре Мини Velvet Beige,29990,RUB
Пуф Кофи Velvet Light,4590,RUB
Кресло Тилар Textile Yellow,23990,RUB
Диван Лави Velvet Moss,44990,RUB
Диван Викс Textile Silver,24990,RUB
Кресло Лонди Cozy Ivory,43990,RUB
Диван Лилле Velvet Atlantic,46990,RUB
Пуф Дзен-1 Velvet Beige,9990,RUB
Диван Саннес Velvet Terra,44990,RUB
Диван Роттердам Velvet Silver,27990,RUB
Диван Сваут Velvet Beige,66990,RUB
Кресло Пайл Textile Grafit,26990,RUB
Диван угловой Стаус Velvet Olive,42990,RUB
Кресло Кальдера Barhat Mint,34990,RUB
Диван Терм Velvet Beige,69990,RUB
Кресло-кровать Кейсес Velvet Grey,22990,RUB
Кушетка Ринт Bucle Pink,21990,RUB
Диван Тайлин Velvet Yellow,39990,RUB
Кресло Элвит Cozy Ivory,29990,RUB
Диван Слипсон Velvet Silver,59990,RUB
Диван угловой Аллаум Linia Mint,54990,RUB
Кресло Винси Textile Ginger,21990,RUB
Диван Рон Textile Grafit,59990,RUB
Модульный диван Этен 1 Vertical Milk,115950,RUB
Диван Спейс Soft Navy Blue,66990,RUB
Пуф Акера-2 Velvet Yellow,11990,RUB
Диван Эби Мини Linia Mint,58990,RUB
Диван Льери Barhat Blue,84990,RUB
Диван угловой Маркфул Velvet Light,79990,RUB
Диван Сваут Velvet Moss,66990,RUB
Диван Льери Мини Velvet Light,64990,RUB
Диван Эби Velvet Blue,66990,RUB
Диван Спейс-2 Velvet Beige,94990,RUB
Модульный диван Риббл-1 Bucle Lilac,78980,RUB
Кресло Кальдера Bucle Cloud,36990,RUB
Диван Нумо Velvet Pink,38990,RUB
Банкетка Вайли Velvet Light,10990,RUB
Кресло Кенсол Velvet Ginger,19990,RUB
Диван Риен Velvet Stone,58990,RUB
Кресло Кото Cozy Beige,32990,RUB
Диван Нумо Мини Textile Yellow,26990,RUB
Диван угловой Онте Bucle Silver,109990,RUB
Кресло Витио Velvet Yellow,22990,RUB
Кресло Пайпел-2 Bucle Forest,40990,RUB
Диван Види Textile Navy Blue,25990,RUB
Кресло Ансил Bucle Milk,31990,RUB
Диван угловой Аронт Мини Velvet Olive,59990,RUB
Пуф Кропс Bucle Lilac,8990,RUB
Диван Маре Мини Velvet Beige,29990,RUB
Пуф Кофи Velvet Light,4590,RUB
Кресло Тилар Textile Yellow,23990,RUB
Диван Лави Velvet Moss,44990,RUB
Диван Викс Textile Silver,24990,RUB
Кресло Лонди Cozy Ivory,43990,RUB
Диван Лилле Velvet Atlantic,46990,RUB
Пуф Дзен-1 Velvet Beige,9990,RUB
Диван Саннес Velvet Terra,44990,RUB
Диван Роттердам Velvet Silver,27990,RUB
Диван Сваут Velvet Beige,66990,RUB
Кресло Пайл Textile Grafit,26990,RUB
Диван угловой Стаус Velvet Olive,42990,RUB
Кресло Кальдера Barhat Mint,34990,RUB
Диван Терм Velvet Beige,69990,RUB
Кресло-кровать Кейсес Velvet Grey,22990,RUB
Кушетка Ринт Bucle Pink,21990,RUB
Диван Тайлин Velvet Yellow,39990,RUB
Кресло Элвит Cozy Ivory,29990,RUB
Диван Слипсон Velvet Silver,59990,RUB
Диван угловой Аллаум Linia Mint,54990,RUB
Кресло Винси Textile Ginger,21990,RUB
Диван Рон Textile Grafit,59990,RUB
Модульный диван Этен 1 Vertical Milk,115950,RUB
Диван Спейс Soft Navy Blue,66990,RUB
Пуф Акера-2 Velvet Yellow,11990,RUB
Диван Эби Мини Linia Mint,58990,RUB
Диван Льери Barhat Blue,84990,RUB
Диван угловой Маркфул Velvet Light,79990,RUB
Диван Сваут Velvet Moss,66990,RUB
Диван Льери Мини Velvet Light,64990,RUB
Диван Эби Velvet Blue,66990,RUB
Диван Спейс-2 Velvet Beige,94990,RUB
Модульный диван Риббл-1 Bucle Lilac,78980,RUB
Кресло Кальдера Bucle Cloud,36990,RUB
Диван Нумо Velvet Pink,38990,RUB
Банкетка Вайли Velvet Light,10990,RUB
Кресло Кенсол Velvet Ginger,19990,RUB
Диван Риен Velvet Stone,58990,RUB
Кресло Кото Cozy Beige,32990,RUB
Диван Нумо Мини Textile Yellow,26990,RUB
Диван угловой Онте Bucle Silver,109990,RUB
Кресло Витио Velvet Yellow,22990,RUB
Кресло Пайпел-2 Bucle Forest,40990,RUB
Диван Види Textile Navy Blue,25990,RUB
Кресло Ансил Bucle Milk,31990,RUB
Диван угловой Аронт Мини Velvet Olive,59990,RUB
Пуф Кропс Bucle Lilac,8990,RUB
Диван Маре Мини Velvet Beige,29990,RUB
Пуф Кофи Velvet Light,4590,RUB
Кресло Тилар Textile Yellow,23990,RUB
Диван Лави Velvet Moss,44990,RUB
Диван Викс Textile Silver,24990,RUB
Кресло Лонди Cozy Ivory,43990,RUB
Диван Лилле Velvet Atlantic,46990,RUB
Пуф Дзен-1 Velvet Beige,9990,RUB
Диван Саннес Velvet Terra,44990,RUB
Диван Роттердам Velvet Silver,27990,RUB
Диван Сваут Velvet Beige,66990,RUB
Кресло Пайл Textile Grafit,26990,RUB
Диван угловой Стаус Velvet Olive,42990,RUB
Кресло Кальдера Barhat Mint,34990,RUB
Диван Терм Velvet Beige,69990,RUB
Кресло-кровать Кейсес Velvet Grey,22990,RUB
Кушетка Ринт Bucle Pink,21990,RUB
Диван Тайлин Velvet Yellow,39990,RUB
Кресло Элвит Cozy Ivory,29990,RUB
Диван Слипсон Velvet Silver,59990,RUB
Диван угловой Аллаум Linia Mint,54990,RUB
Кресло Винси Textile Ginger,21990,RUB
Диван Рон Textile Grafit,59990,RUB
Модульный диван Этен 1 Vertical Milk,115950,RUB
Диван Спейс Soft Navy Blue,66990,RUB
Пуф Акера-2 Velvet Yellow,11990,RUB
Диван Эби Мини Linia Mint,58990,RUB
Диван Льери Barhat Blue,84990,RUB
Диван угловой Маркфул Velvet Light,79990,RUB
Диван Сваут Velvet Moss,66990,RUB
Диван Льери Мини Velvet Light,64990,RUB
Диван Эби Velvet Blue,66990,RUB
Диван Спейс-2 Velvet Beige,94990,RUB
Модульный диван Риббл-1 Bucle Lilac,78980,RUB
Кресло Кальдера Bucle Cloud,36990,RUB
Диван Нумо Velvet Pink,38990,RUB
Банкетка Вайли Velvet Light,10990,RUB
Кресло Кенсол Velvet Ginger,19990,RUB
Диван Риен Velvet Stone,58990,RUB
Кресло Кото Cozy Beige,32990,RUB
Диван Нумо Мини Textile Yellow,26990,RUB
Диван угловой Онте Bucle Silver,109990,RUB
Кресло Витио Velvet Yellow,22990,RUB
Кресло Пайпел-2 Bucle Forest,40990,RUB
Диван Види Textile Navy Blue,25990,RUB
Кресло Ансил Bucle Milk,31990,RUB
Диван угловой Аронт Мини Velvet Olive,59990,RUB
Пуф Кропс Bucle Lilac,8990,RUB
Диван Маре Мини Velvet Beige,29990,RUB
Пуф Кофи Velvet Light,4590,RUB
Кресло Тилар Textile Yellow,23990,RUB
Диван Лави Velvet Moss,44990,RUB
Диван Викс Textile Silver,24990,RUB
Кресло Лонди Cozy Ivory,43990,RUB
Диван Лилле Velvet Atlantic,46990,RUB
Пуф Дзен-1 Velvet Beige,9990,RUB
Диван Саннес Velvet Terra,44990,RUB
Диван Роттердам Velvet Silver,27990,RUB
Диван Сваут Velvet Beige,66990,RUB
Кресло Пайл Textile Grafit,26990,RUB
Диван угловой Стаус Velvet Olive,42990,RUB
Кресло Кальдера Barhat Mint,34990,RUB
Диван Терм Velvet Beige,69990,RUB
Кресло-кровать Кейсес Velvet Grey,22990,RUB
Кушетка Ринт Bucle Pink,21990,RUB
Диван Тайлин Velvet Yellow,39990,RUB
Кресло Элвит Cozy Ivory,29990,RUB
Диван Слипсон Velvet Silver,59990,RUB
Диван угловой Аллаум Linia Mint,54990,RUB
Кресло Винси Textile Ginger,21990,RUB
Диван Рон Textile Grafit,59990,RUB
Модульный диван Этен 1 Vertical Milk,115950,RUB
Диван Спейс Soft Navy Blue,66990,RUB
Пуф Акера-2 Velvet Yellow,11990,RUB
Диван Эби Мини Linia Mint,58990,RUB
Диван Льери Barhat Blue,84990,RUB
Диван угловой Маркфул Velvet Light,79990,RUB
Диван Льери Мини Velvet Light,64990,RUB
Диван Эби Velvet Blue,66990,RUB
Диван Спейс-2 Velvet Beige,94990,RUB
Модульный диван Риббл-1 Bucle Lilac,78980,RUB
Кресло Кальдера Bucle Cloud,36990,RUB
Кресло Тилар Cozy Milk,23990,RUB
Диван Нумо Velvet Pink,38990,RUB
Банкетка Вайли Velvet Light,10990,RUB
Кресло Кенсол Velvet Ginger,19990,RUB
Диван Риен Velvet Stone,58990,RUB
Кресло Кото Cozy Beige,32990,RUB
Диван Нумо Мини Textile Yellow,26990,RUB
Диван угловой Онте Bucle Silver,109990,RUB
Кресло Витио Velvet Yellow,22990,RUB
Кресло Пайпел-2 Bucle Forest,40990,RUB
Диван Види Textile Navy Blue,25990,RUB
Кресло Ансил Bucle Milk,31990,RUB
Диван угловой Аронт Мини Velvet Olive,59990,RUB
Пуф Кропс Bucle Lilac,8990,RUB
Диван Маре Мини Velvet Beige,29990,RUB
Пуф Кофи Velvet Light,4590,RUB
Кресло Тилар Textile Yellow,23990,RUB
Диван Лави Velvet Moss,44990,RUB
Диван Викс Textile Silver,24990,RUB
Кресло Лонди Cozy Ivory,43990,RUB
Диван Лилле Velvet Atlantic,46990,RUB
Пуф Дзен-1 Velvet Beige,9990,RUB
Диван Саннес Velvet Terra,44990,RUB
Диван Роттердам Velvet Silver,27990,RUB
Диван Сваут Velvet Beige,66990,RUB
Кресло Пайл Textile Grafit,26990,RUB
Диван угловой Стаус Velvet Olive,42990,RUB
Кресло Кальдера Barhat Mint,34990,RUB
Диван Терм Velvet Beige,69990,RUB
Кресло-кровать Кейсес Velvet Grey,22990,RUB
Кушетка Ринт Bucle Pink,21990,RUB
Диван Тайлин Velvet Yellow,39990,RUB
Кресло Элвит Cozy Ivory,29990,RUB
Диван Слипсон Velvet Silver,59990,RUB
Диван угловой Аллаум Linia Mint,54990,RUB
Кресло Винси Textile Ginger,21990,RUB
Диван Рон Textile Grafit,59990,RUB
Модульный диван Этен 1 Vertical Milk,115950,RUB
Диван Спейс Soft Navy Blue,66990,RUB
Пуф Акера-2 Velvet Yellow,11990,RUB
Диван Эби Мини Linia Mint,58990,RUB
Диван Льери Barhat Blue,84990,RUB
Диван угловой Маркфул Velvet Light,79990,RUB
Диван Льери Мини Velvet Light,64990,RUB
Диван Эби Velvet Blue,66990,RUB
Диван Спейс-2 Velvet Beige,94990,RUB
Модульный диван Риббл-1 Bucle Lilac,78980,RUB
Кресло Кальдера Bucle Cloud,36990,RUB
Кресло Тилар Cozy Milk,23990,RUB
Диван Нумо Velvet Pink,38990,RUB
Банкетка Вайли Velvet Light,10990,RUB
Кресло Кенсол Velvet Ginger,19990,RUB
Диван Риен Velvet Stone,58990,RUB
Кресло Кото Cozy Beige,32990,RUB
Диван Нумо Мини Textile Yellow,26990,RUB
Диван угловой Онте Bucle Silver,109990,RUB
Кресло Витио Velvet Yellow,22990,RUB
Кресло Пайпел-2 Bucle Forest,40990,RUB
Диван Види Textile Navy Blue,25990,RUB
Кресло Ансил Bucle Milk,31990,RUB
Диван угловой Аронт Мини Velvet Olive,59990,RUB
Пуф Кропс Bucle Lilac,8990,RUB
Диван Маре Мини Velvet Beige,29990,RUB
Пуф Кофи Velvet Light,4590,RUB
Кресло Тилар Textile Yellow,23990,RUB
Диван Лави Velvet Moss,44990,RUB
Диван Викс Textile Silver,24990,RUB
Кресло Лонди Cozy Ivory,43990,RUB
Диван Лилле Velvet Atlantic,46990,RUB
Пуф Дзен-1 Velvet Beige,9990,RUB
Диван Саннес Velvet Terra,44990,RUB
Диван Роттердам Velvet Silver,27990,RUB
Диван Сваут Velvet Beige,66990,RUB
Кресло Пайл Textile Grafit,26990,RUB
Диван угловой Стаус Velvet Olive,42990,RUB
Кресло Кальдера Barhat Mint,34990,RUB
Диван Терм Velvet Beige,69990,RUB
Кресло-кровать Кейсес Velvet Grey,22990,RUB
Кушетка Ринт Bucle Pink,21990,RUB
Диван Тайлин Velvet Yellow,39990,RUB
Кресло Элвит Cozy Ivory,29990,RUB
Диван Слипсон Velvet Silver,59990,RUB
Диван угловой Аллаум Linia Mint,54990,RUB
Кресло Винси Textile Ginger,21990,RUB
Диван Рон Textile Grafit,59990,RUB
Модульный диван Этен 1 Vertical Milk,115950,RUB
Диван Спейс Soft Navy Blue,66990,RUB
Пуф Акера-2 Velvet Yellow,11990,RUB
Диван Эби Мини Linia Mint,58990,RUB
Диван Льери Barhat Blue,84990,RUB
Диван угловой Маркфул Velvet Light,79990,RUB
Диван Льери Мини Velvet Light,64990,RUB
Диван Эби Velvet Blue,66990,RUB
Диван Спейс-2 Velvet Beige,94990,RUB
Модульный диван Риббл-1 Bucle Lilac,78980,RUB
Кресло Кальдера Bucle Cloud,36990,RUB
Кресло Тилар Cozy Milk,23990,RUB
Диван Нумо Velvet Pink,38990,RUB
Банкетка Вайли Velvet Light,10990,RUB
Кресло Кенсол Velvet Ginger,19990,RUB
Диван Риен Velvet Stone,58990,RUB
Кресло Кото Cozy Beige,32990,RUB
Диван Нумо Мини Textile Yellow,26990,RUB
Диван угловой Онте Bucle Silver,109990,RUB
Кресло Витио Velvet Yellow,22990,RUB
Кресло Пайпел-2 Bucle Forest,40990,RUB
Диван Види Textile Navy Blue,25990,RUB
Кресло Ансил Bucle Milk,31990,RUB
Диван угловой Аронт Мини Velvet Olive,59990,RUB
Пуф Кропс Bucle Lilac,8990,RUB
Диван Маре Мини Velvet Beige,29990,RUB
Пуф Кофи Velvet Light,4590,RUB
Кресло Тилар Textile Yellow,23990,RUB
Диван Лави Velvet Moss,44990,RUB
Диван Викс Textile Silver,24990,RUB
Кресло Лонди Cozy Ivory,43990,RUB
Диван Лилле Velvet Atlantic,46990,RUB
Пуф Дзен-1 Velvet Beige,9990,RUB
Диван Саннес Velvet Terra,44990,RUB
Диван Роттердам Velvet Silver,27990,RUB
Диван Сваут Velvet Beige,66990,RUB
Кресло Пайл Textile Grafit,26990,RUB
Диван угловой Стаус Velvet Olive,42990,RUB
Кресло Кальдера Barhat Mint,34990,RUB
Диван Терм Velvet Beige,69990,RUB
Кресло-кровать Кейсес Velvet Grey,22990,RUB
Кушетка Ринт Bucle Pink,21990,RUB
Диван Тайлин Velvet Yellow,39990,RUB
Кресло Элвит Cozy Ivory,29990,RUB
Диван Слипсон Velvet Silver,59990,RUB
Диван угловой Аллаум Linia Mint,54990,RUB
Кресло Винси Textile Ginger,21990,RUB
Диван Рон Textile Grafit,59990,RUB
Модульный диван Этен 1 Vertical Milk,115950,RUB
Диван Спейс Soft Navy Blue,66990,RUB
Пуф Акера-2 Velvet Yellow,11990,RUB
Диван Эби Мини Linia Mint,58990,RUB
Диван Льери Barhat Blue,84990,RUB
Диван угловой Маркфул Velvet Light,79990,RUB
Диван Льери Мини Velvet Light,64990,RUB
Диван Эби Velvet Blue,66990,RUB
Диван Спейс-2 Velvet Beige,94990,RUB
Модульный диван Риббл-1 Bucle Lilac,78980,RUB
Кресло Кальдера Bucle Cloud,36990,RUB
Кресло Тилар Cozy Milk,23990,RUB
